time,latitude,longitude,depth,mag,magType,nst,gap,dmin,rms,net,id,updated,place,type,horizontalError,depthError,magError,magNst,status,locationSource,magSource
2020-09-10T01:45:18.480Z,38.8224983,-122.8433304,1.98,0.45,md,16,73,0.006513,0.02,nc,nc73455686,2020-09-10T01:46:55.273Z,"9km WNW of The Geysers, CA",earthquake,0.24,0.44,0.15,3,automatic,nc,nc
2020-09-10T01:35:38.030Z,39.3973351,-123.1135025,20.3,1.33,md,5,221,0.1131,0.02,nc,nc73455676,2020-09-10T01:51:06.236Z,"13km W of Lake Pillsbury, CA",earthquake,1.19,0.68,0.16,3,automatic,nc,nc
2020-09-10T01:34:19.390Z,61.4991,-151.2476,0,2,ml,,,,0.83,ak,ak020bo3aqy8,2020-09-10T01:43:14.721Z,"39 km W of Susitna, Alaska",earthquake,,0.4,,,automatic,ak,ak
2020-09-10T01:15:35.580Z,35.9563333,-117.7048333,4.19,0.39,ml,9,96,0.04498,0.09,ci,ci38682282,2020-09-10T01:19:24.649Z,"18km E of Little Lake, CA",earthquake,0.31,0.54,0.047,5,automatic,ci,ci
2020-09-10T00:56:10.020Z,38.1508,-117.88,10.6,1.6,ml,20,93.19,0.014,0.08,nn,nn00772840,2020-09-10T00:59:24.341Z,"33 km SE of Mina, Nevada",earthquake,,0.5,,,automatic,nn,nn
2020-09-10T00:48:04.288Z,36.53373337,-98.98072052,7.586635113,1.96,ml,13,127.0503693,0.05061797425,0.1572213488,ok,ok2020ruhw,2020-09-10T00:51:13.549Z,"10 km WSW of Waynoka, Oklahoma",earthquake,4.066763334,4.841145045,,11,automatic,ok,ok
2020-09-10T00:38:51.050Z,38.1328,-118.3368,0.2,0.8,ml,11,221.75,0.17,0.14,nn,nn00772836,2020-09-10T00:45:43.518Z,"34 km SW of Mina, Nevada",earthquake,,11,,,automatic,nn,nn
2020-09-10T00:36:52.060Z,35.6843333,-117.524,10.33,0.85,ml,13,136,0.1098,0.16,ci,ci38682258,2020-09-10T00:40:28.126Z,"14km SW of Searles Valley, CA",earthquake,0.39,0.97,0.142,8,automatic,ci,ci
2020-09-10T00:36:01.600Z,61.2949,-146.7978,0,0.9,ml,,,,0.67,ak,ak020bo2prax,2020-09-10T00:41:14.296Z,"30 km NW of Valdez, Alaska",earthquake,,0.5,,,automatic,ak,ak
2020-09-10T00:15:18.870Z,36.5465012,-121.1364975,5.68,2.37,md,27,74,0.04672,0.05,nc,nc73455651,2020-09-10T00:40:04.809Z,"2km NNE of Pinnacles, CA",earthquake,0.22,0.66,0.13,28,automatic,nc,nc
2020-09-10T00:13:02.938Z,41.1197,-117.3857,12,2.4,ml,10,116.62,0.7,0.165,nn,nn00772839,2020-09-10T01:07:03.691Z,"20 km NNE of Golconda, Nevada",earthquake,,3.9,0.24,8,reviewed,nn,nn
2020-09-10T00:12:37.196Z,38.1393,-117.9787,9.6,1.3,ml,19,121.61,0.015,0.1364,nn,nn00772828,2020-09-10T00:54:39.748Z,"30 km SSE of Mina, Nevada",earthquake,,0.7,0.24,9,reviewed,nn,nn
2020-09-10T00:03:50.021Z,11.3957,-85.6215,165.63,4.3,mb,,155,0.229,0.52,us,us7000bkt8,2020-09-10T01:49:58.040Z,"18 km SSE of Moyogalpa, Nicaragua",earthquake,7.2,5.2,0.142,14,reviewed,us,us
2020-09-09T23:57:36.900Z,36.5493317,-121.1406631,5.76,2.45,md,30,71,0.04238,0.11,nc,nc73455641,2020-09-10T00:18:04.044Z,"2km N of Pinnacles, CA",earthquake,0.26,0.73,0.19,30,automatic,nc,nc
2020-09-09T23:43:21.946Z,61.5092,-149.9147,34.2,1.6,ml,,,,1.21,ak,ak020bmsx1c5,2020-09-09T23:53:26.914Z,"2 km ESE of Big Lake, Alaska",earthquake,,0.3,,,automatic,ak,ak
2020-09-09T23:40:30.210Z,38.0888,-118.0713,1.8,0.7,ml,9,229.77,0.054,0.07,nn,nn00772825,2020-09-10T00:05:45.654Z,"33 km S of Mina, Nevada",earthquake,,9.9,,,automatic,nn,nn
2020-09-09T23:38:01.030Z,33.7273333,-116.8195,17.86,0.57,ml,14,195,0.08926,0.18,ci,ci38682234,2020-09-09T23:41:44.913Z,"7km ESE of Valle Vista, CA",earthquake,0.65,0.51,0.234,13,automatic,ci,ci
2020-09-09T23:32:52.696Z,38.1182,-118.397,12,1,ml,15,222.59,0.158,0.1135,nn,nn00772822,2020-09-10T00:23:43.898Z,"33 km NNE of Benton, California",earthquake,,3,0.4,4,reviewed,nn,nn
2020-09-09T23:21:53.040Z,33.351,-116.319,8.78,0.87,ml,16,146,0.1165,0.16,ci,ci38682218,2020-09-09T23:25:33.789Z,"12km NNE of Borrego Springs, CA",earthquake,0.43,1.18,0.143,18,automatic,ci,ci
2020-09-09T23:12:07.460Z,38.7890015,-122.7689972,2.17,0.78,md,10,81,0.01536,0.03,nc,nc73455631,2020-09-09T23:57:12.899Z,"2km NW of The Geysers, CA",earthquake,0.37,0.68,0.11,3,automatic,nc,nc
2020-09-09T22:58:12.000Z,38.1463,-118.0437,1,1.1,ml,13,153.43,0.024,0.11,nn,nn00772816,2020-09-09T23:07:27.309Z,"27 km SSE of Mina, Nevada",earthquake,,12,,,automatic,nn,nn
2020-09-09T22:55:55.355Z,-14.7539,-175.9613,310.9,5.2,mww,,49,2.138,0.84,us,us7000bks4,2020-09-09T23:15:01.040Z,"164 km S of Mata-Utu, Wallis and Futuna",earthquake,8.6,4.3,0.098,10,reviewed,us,us
2020-09-09T22:51:43.260Z,40.6601677,-123.8499985,22.67,2.07,md,10,106,0.1186,0.04,nc,nc73455616,2020-09-09T23:23:05.285Z,"24km ENE of Hydesville, CA",earthquake,0.51,0.67,0.12,4,automatic,nc,nc
2020-09-09T22:48:52.490Z,35.6576667,-117.4408333,7.84,0.82,ml,11,154,0.07311,0.15,ci,ci38682186,2020-09-09T22:52:32.747Z,"13km SSW of Searles Valley, CA",earthquake,0.6,1.25,0.129,4,automatic,ci,ci
2020-09-09T22:48:30.670Z,38.4324989,-122.4576645,9.09,1.02,md,6,141,0.03682,0.03,nc,nc73455611,2020-09-09T23:23:04.364Z,"8km S of St. Helena, CA",earthquake,0.49,0.83,0.1,4,automatic,nc,nc
2020-09-09T22:46:32.050Z,35.6563333,-117.4421667,4.29,1.17,ml,16,154,0.07157,0.11,ci,ci38682178,2020-09-09T22:50:15.572Z,"13km SSW of Searles Valley, CA",earthquake,0.34,0.58,0.169,12,automatic,ci,ci
2020-09-09T22:43:42.890Z,46.9171666666667,-121.9245,13.14,0.73,ml,8,187,0.01962,0.13,uw,uw61681606,2020-09-09T23:29:33.440Z,"19 km NNE of Ashford, Washington",earthquake,1.82,0.68,0.111427900559297,4,reviewed,uw,uw
2020-09-09T22:42:47.930Z,38.8333321,-122.8181686,1.63,1.08,md,20,58,0.01177,0.01,nc,nc73455606,2020-09-09T23:12:03.293Z,"8km NW of The Geysers, CA",earthquake,0.22,0.44,0.12,4,automatic,nc,nc
2020-09-09T22:34:57.410Z,35.916,-117.6886667,9.51,1,ml,15,69,0.04448,0.11,ci,ci38682162,2020-09-09T22:38:45.462Z,"20km E of Little Lake, CA",earthquake,0.25,0.58,0.243,12,automatic,ci,ci
2020-09-09T22:33:03.070Z,38.1645,-117.9742,6.3,0.8,ml,11,99.04,0.03,0.02,nn,nn00772811,2020-09-09T22:55:27.720Z,"27 km SSE of Mina, Nevada",earthquake,,0.5,,,automatic,nn,nn
2020-09-09T22:29:52.951Z,61.0355,-140.1114,12,1.3,ml,,,,0.39,ak,ak020bms8o3i,2020-09-09T22:37:56.916Z,"144 km WNW of Haines Junction, Canada",earthquake,,0.4,,,automatic,ak,ak
2020-09-09T22:26:03.650Z,38.1765,-117.7843,13.5,1.2,ml,12,86.34,0.056,0.06,nn,nn00772808,2020-09-09T22:34:28.307Z,"37 km SE of Mina, Nevada",earthquake,,1.2,,,automatic,nn,nn
2020-09-09T22:15:58.780Z,38.1427,-118.0475,2,0.9,ml,13,183.42,0.016,0.08,nn,nn00772804,2020-09-09T22:20:46.851Z,"28 km S of Mina, Nevada",earthquake,,10.6,,,automatic,nn,nn
2020-09-09T22:15:03.160Z,60.7814,-139.5835,7.2,1.3,ml,,,,0.45,ak,ak020bms5k8c,2020-09-09T22:30:35.279Z,"113 km W of Haines Junction, Canada",earthquake,,0.3,,,automatic,ak,ak
2020-09-09T22:11:30.323Z,50.9743,156.6604,95.61,4.5,mb,,161,2.231,0.75,us,us7000bks0,2020-09-09T23:19:24.040Z,"50 km NE of Severo-Kuril’sk, Russia",earthquake,11.5,9,0.084,41,reviewed,us,us
2020-09-09T22:06:00.980Z,38.2143,-117.8833,15.2,0.7,ml,10,113.87,0.052,0.04,nn,nn00772802,2020-09-09T22:17:26.231Z,"Nevada",earthquake,,7.2,,,automatic,nn,nn
2020-09-09T21:51:58.870Z,38.230999,-121.421669,2,2.05,md,9,219,0.6541,0.29,nc,nc73455601,2020-09-10T01:07:05.223Z,"1km NNE of Thornton, CA",earthquake,4.53,14,,1,automatic,nc,nc
2020-09-09T21:47:07.925Z,-23.3289,-66.9702,227.04,4.3,mb,,87,1.174,0.59,us,us7000bkr0,2020-09-09T22:17:38.040Z,"118 km NW of San Antonio de los Cobres, Argentina",earthquake,11.8,11,0.267,4,reviewed,us,us
2020-09-09T21:41:50.350Z,35.5691667,-117.5285,7.83,0.96,ml,11,127,0.05675,0.14,ci,ci38682114,2020-09-09T21:45:38.199Z,"14km ESE of Ridgecrest, CA",earthquake,0.52,1.37,0.092,5,automatic,ci,ci
2020-09-09T21:34:45.569Z,61.8858,-149.0277,7.3,1.3,ml,,,,0.99,ak,ak020bmroai1,2020-09-09T21:46:39.574Z,"18 km NW of Sutton-Alpine, Alaska",earthquake,,0.3,,,automatic,ak,ak
2020-09-09T21:30:43.530Z,38.1413,-118.0337,0.1,1.3,ml,10,148.34,0.028,0.17,nn,nn00772800,2020-09-09T21:36:45.910Z,"28 km SSE of Mina, Nevada",earthquake,,6.3,,,automatic,nn,nn
2020-09-09T21:07:52.220Z,42.0438333,-112.5761667,9.33,0.63,md,5,172,0.112,0.06,uu,uu60410197,2020-09-09T21:33:01.080Z,"14 km NE of Snowville, Utah",earthquake,0.72,3.53,0.306,5,reviewed,uu,uu
2020-09-09T20:54:13.670Z,38.1527,-118.0325,0,1.6,ml,10,83.82,0.025,0.28,nn,nn00772795,2020-09-09T21:06:47.413Z,"27 km SSE of Mina, Nevada",earthquake,,8.9,,,automatic,nn,nn
2020-09-09T20:41:43.470Z,36.039,-117.719,1.57,0.99,ml,14,68,0.03994,0.11,ci,ci38682002,2020-09-09T20:45:19.796Z,"20km NE of Little Lake, CA",earthquake,0.19,0.35,0.169,16,automatic,ci,ci
2020-09-09T20:37:25.708Z,-62.3859,-58.0513,10,5,mww,,72,0.322,1.3,us,us7000bknn,2020-09-09T20:56:33.040Z,"South Shetland Islands",earthquake,6.7,1.9,0.098,10,reviewed,us,us
2020-09-09T20:35:37.870Z,39.359333,-123.2511673,5.51,1.33,md,8,173,0.06858,0.04,nc,nc73455576,2020-09-10T00:25:04.638Z,"11km ESE of Willits, CA",earthquake,0.93,2.23,0.18,6,automatic,nc,nc
2020-09-09T20:27:15.630Z,19.1790008544922,-155.486831665039,36.9900016784668,1.88,md,45,149,,0.119999997,hv,hv72126531,2020-09-09T20:30:27.200Z,"2 km SSW of Pāhala, Hawaii",earthquake,0.58,1.02999997,1.24000001,14,automatic,hv,hv
2020-09-09T20:26:53.570Z,37.635334,-118.8911667,3.78,1.3,md,14,88,0.0101,0.02,nc,nc73455571,2020-09-09T23:57:13.389Z,"8km E of Mammoth Lakes, CA",earthquake,0.44,0.61,0.21,13,automatic,nc,nc
2020-09-09T20:11:38.110Z,38.8208351,-122.8233337,1.97,0.56,md,8,134,0.009416,0.01,nc,nc73455566,2020-09-09T21:04:03.509Z,"8km NW of The Geysers, CA",earthquake,0.36,0.79,,1,automatic,nc,nc
2020-09-09T20:10:00.030Z,38.7601662,-122.7108307,1.25,1.23,md,12,157,0.01106,0.06,nc,nc73455561,2020-09-09T22:39:06.080Z,"2km SW of Anderson Springs, CA",earthquake,0.3,0.29,0.07,5,automatic,nc,nc
2020-09-09T20:02:34.710Z,32.8283333,-117.0511667,-0.11,0.8,ml,27,104,0.08549,0.25,ci,ci38681946,2020-09-10T00:25:47.436Z,"7km NNW of La Mesa, CA",quarry blast,0.65,31.61,0.046,3,reviewed,ci,ci
2020-09-09T19:52:11.000Z,34.132,-116.8636667,1.44,1.13,ml,11,239,0.07114,0.22,ci,ci38681930,2020-09-09T19:55:54.379Z,"13km SSE of Big Bear Lake, CA",earthquake,1.79,0.87,0.326,26,automatic,ci,ci
2020-09-09T19:49:45.372Z,63.4883,-151.0293,3.5,1.5,ml,,,,1.16,ak,ak020bmqkn0p,2020-09-09T20:37:57.817Z,"35 km E of Denali National Park, Alaska",earthquake,,0.2,,,automatic,ak,ak
2020-09-09T19:48:19.430Z,33.8665,-116.8158333,15.87,0.8,ml,23,106,0.03624,0.1,ci,ci38681922,2020-09-10T00:02:11.150Z,"6km SSW of Cabazon, CA",earthquake,0.18,0.45,0.091,12,reviewed,ci,ci
2020-09-09T19:47:58.960Z,33.8586667,-118.2818333,17.08,1.59,ml,41,62,0.01885,0.28,ci,ci37454669,2020-09-09T23:47:34.823Z,"3km N of Carson, CA",earthquake,0.32,0.51,0.177,37,reviewed,ci,ci
2020-09-09T19:45:38.800Z,33.8648333,-117.5165,2.42,0.92,ml,28,74,0.076,0.19,ci,ci38681906,2020-09-09T19:49:28.345Z,"2km SSE of Home Gardens, CA",quarry blast,0.4,0.68,0.176,19,automatic,ci,ci
2020-09-09T19:45:30.740Z,37.6351662,-118.893837,3.06,0.67,md,8,100,0.009514,0.03,nc,nc73455546,2020-09-09T21:43:03.746Z,"8km E of Mammoth Lakes, CA",earthquake,0.64,1.48,0.19,8,automatic,nc,nc
2020-09-09T19:32:51.834Z,63.19,-149.9658,96.3,1.4,ml,,,,0.55,ak,ak020bmqh0cf,2020-09-09T20:28:55.472Z,"55 km WSW of Cantwell, Alaska",earthquake,,0.8,,,automatic,ak,ak
2020-09-09T19:25:25.920Z,38.197,-117.847,9.8,0.9,ml,10,149.7,0.037,0.09,nn,nn00772793,2020-09-09T19:41:47.504Z,"31 km SE of Mina, Nevada",earthquake,,7.7,,,automatic,nn,nn
2020-09-09T19:21:44.110Z,17.9391,-66.9088,12,2.61,md,19,204,0.0466,0.11,pr,pr2020253007,2020-09-09T22:41:22.470Z,"3 km S of Guánica, Puerto Rico",earthquake,0.42,0.34,0.24,16,reviewed,pr,pr
2020-09-09T19:15:15.010Z,44.4713333,-115.1923333,3.11,2.09,ml,12,78,0.399,0.15,mb,mb80462429,2020-09-09T21:27:41.830Z,"34 km NW of Stanley, Idaho",earthquake,0.38,1.77,0.259,11,reviewed,mb,mb
2020-09-09T19:13:05.700Z,19.2325000762939,-155.415161132812,33.0200004577637,2.03,ml,49,133,,0.119999997,hv,hv72126451,2020-09-09T19:18:35.860Z,"7 km ENE of Pāhala, Hawaii",earthquake,0.56,0.699999988,4.09,5,automatic,hv,hv
2020-09-09T19:03:24.980Z,33.4968333,-116.7893333,9.29,0.55,ml,18,60,0.01802,0.22,ci,ci38681874,2020-09-09T19:07:08.082Z,"9km NE of Aguanga, CA",earthquake,0.53,1.13,0.15,11,automatic,ci,ci
2020-09-09T19:02:37.173Z,61.308,-146.156,76.8,2.1,ml,,,,1.23,ak,ak020bmqajqg,2020-09-09T19:26:34.089Z,"22 km NNE of Valdez, Alaska",earthquake,,2.1,,,automatic,ak,ak
2020-09-09T19:02:14.208Z,62.8953,-146.8181,32.2,2.6,ml,,,,0.63,ak,ak020bmqahye,2020-09-09T19:45:57.665Z,"64 km WSW of Paxson, Alaska",earthquake,,0.4,,,automatic,ak,ak
2020-09-09T18:59:13.860Z,38.8233337,-122.7874985,0.83,0.83,md,15,47,0.01138,0.04,nc,nc73455526,2020-09-09T20:51:06.437Z,"6km W of Cobb, CA",earthquake,0.21,0.58,0.06,2,automatic,nc,nc
2020-09-09T18:57:13.095Z,60.9172,-148.6995,0,1.3,ml,,,,1.24,ak,ak020bmq0unr,2020-09-09T19:36:15.941Z,"15 km N of Whittier, Alaska",earthquake,,1.4,,,automatic,ak,ak
2020-09-09T18:48:39.510Z,33.4901667,-116.801,6.28,0.65,ml,27,37,0.02215,0.13,ci,ci38681866,2020-09-09T22:59:50.542Z,"8km NE of Aguanga, CA",earthquake,0.16,0.54,0.118,13,reviewed,ci,ci
2020-09-09T18:47:04.950Z,33.2468333,-116.3991667,3.71,0.96,ml,27,111,0.0261,0.22,ci,ci38681850,2020-09-09T18:50:42.974Z,"2km WSW of Borrego Springs, CA",earthquake,0.41,0.52,0.188,22,automatic,ci,ci
2020-09-09T18:26:20.600Z,44.823,-110.9535,7.48,0.43,md,12,144,0.07389,0.16,uu,uu60410172,2020-09-09T18:48:50.060Z,"19 km ENE of Hebgen Lake Estates, Montana",earthquake,0.63,1.23,0.284,8,reviewed,uu,uu
2020-09-09T18:26:20.270Z,35.8583333,-117.6996667,3.72,1.31,ml,18,72,0.07263,0.17,ci,ci38681794,2020-09-09T18:30:03.971Z,"21km ESE of Little Lake, CA",earthquake,0.28,0.73,0.173,21,automatic,ci,ci
2020-09-09T18:24:28.574Z,62.0776,-148.5487,19,1,ml,,,,0.21,ak,ak020bmptt7t,2020-09-09T19:01:48.219Z,"31 km N of Chickaloon, Alaska",earthquake,,0.3,,,automatic,ak,ak
2020-09-09T18:20:01.120Z,19.208,-155.399333333333,31.73,1.58,md,15,183,,0.08,hv,hv72126361,2020-09-09T23:41:02.510Z,"8 km E of Pāhala, Hawaii",earthquake,0.91,1.01,0.0504271368777023,8,reviewed,hv,hv
2020-09-09T18:19:49.090Z,37.6361656,-118.8911667,3.72,1.12,md,13,86,0.009366,0.02,nc,nc73455496,2020-09-09T19:07:04.850Z,"8km E of Mammoth Lakes, CA",earthquake,0.51,0.57,0.17,13,automatic,nc,nc
2020-09-09T18:17:05.878Z,-12.0059,-76.5299,70.95,3.8,mb,,125,0.306,1.03,us,us7000bkj1,2020-09-10T01:39:22.415Z,"10 km S of Cocachacra, Peru",earthquake,14.1,12.6,0.36,2,reviewed,us,us
2020-09-09T18:09:50.570Z,19.2356662750244,-155.404998779297,33.6300010681152,1.99,ml,45,136,,0.119999997,hv,hv72126346,2020-09-09T18:15:20.140Z,"8 km ENE of Pāhala, Hawaii",earthquake,0.51,0.629999995,4.06,5,automatic,hv,hv
2020-09-09T17:39:56.610Z,38.155,-118.0853,2.3,0.8,ml,14,158.74,0.032,0.12,nn,nn00772784,2020-09-09T17:52:26.806Z,"26 km S of Mina, Nevada",earthquake,,3.9,,,automatic,nn,nn
2020-09-09T17:32:00.420Z,37.6380005,-118.8903351,3.89,0.87,md,11,126,0.008207,0.02,nc,nc73455491,2020-09-09T18:15:07.513Z,"8km E of Mammoth Lakes, CA",earthquake,0.65,0.58,0.07,10,automatic,nc,nc
2020-09-09T17:12:48.320Z,36.0258333,-117.7731667,1.84,0.87,ml,8,130,0.00644,0.1,ci,ci38681730,2020-09-09T17:16:31.365Z,"16km NE of Little Lake, CA",earthquake,0.37,0.26,0.187,6,automatic,ci,ci
2020-09-09T16:53:37.740Z,38.8018341,-122.7738342,0.77,0.62,md,11,90,0.0111,0.04,nc,nc73455481,2020-09-09T17:50:04.365Z,"3km NNW of The Geysers, CA",earthquake,0.33,0.58,0.35,2,automatic,nc,nc
2020-09-09T16:51:26.640Z,36.52683333,-98.99083333,8.44,1.25,ml,25,141,0.04679081805,0.11,ok,ok2020rtsd,2020-09-09T17:27:37.095Z,"9 km NNE of Quinlan, Oklahoma",earthquake,,0.4,0.16,10,reviewed,ok,ok
2020-09-09T16:49:26.638Z,38.1754,-117.8838,9.6,2.3,ml,28,59.19,0.017,0.1474,nn,nn00772780,2020-09-09T20:00:35.080Z,"30 km SE of Mina, Nevada",earthquake,,0.6,0.26,15,reviewed,nn,nn
2020-09-09T16:46:18.469Z,35.985,-97.20066667,6.51,2.4,ml,101,25,0,0.2,ok,ok2020rtrz,2020-09-09T17:00:03.806Z,"4 km NE of Coyle, Oklahoma",earthquake,,0.3,0.21,32,reviewed,ok,ok
2020-09-09T16:30:33.434Z,66.3257,-157.2509,1.6,2.3,ml,,,,0.61,ak,ak020bmoo8ns,2020-09-09T17:15:30.341Z,"62 km S of Shungnak, Alaska",earthquake,,0.3,,,automatic,ak,ak
2020-09-09T16:17:08.290Z,38.833168,-122.8164978,1.42,0.56,md,17,56,0.01097,0.01,nc,nc73455461,2020-09-09T17:08:04.600Z,"8km NW of The Geysers, CA",earthquake,0.22,0.45,,1,automatic,nc,nc
2020-09-09T16:16:46.606Z,37.3184,72.0286,184.5,4.4,mb,,58,2.168,0.74,us,us7000bkfs,2020-09-09T21:13:44.040Z,"46 km ESE of Khorugh, Tajikistan",earthquake,7.6,6.6,0.098,30,reviewed,us,us
2020-09-09T16:13:39.600Z,38.0745,-118.0735,1.3,1,ml,10,228.58,0.051,0.1,nn,nn00772777,2020-09-09T16:28:45.037Z,"35 km S of Mina, Nevada",earthquake,,11.5,,,automatic,nn,nn
2020-09-09T16:12:00.154Z,60.455,-143.1192,4.5,1.2,ml,,,,0.17,ak,ak020bmokb7z,2020-09-09T16:20:38.565Z,"109 km S of McCarthy, Alaska",earthquake,,2.8,,,automatic,ak,ak
2020-09-09T16:03:01.060Z,36.8725,-97.44183333,5,2.15,ml,61,98,0,0.31,ok,ok2020rtqo,2020-09-09T21:03:06.040Z,"7 km N of Nardin, Oklahoma",earthquake,,1,0.23,24,reviewed,ok,ok
2020-09-09T16:02:09.753Z,66.3221,-157.2496,6.5,1.3,ml,,,,0.48,ak,ak020bmoi6sp,2020-09-09T16:18:57.753Z,"63 km S of Shungnak, Alaska",earthquake,,0.4,,,automatic,ak,ak
2020-09-09T15:56:09.280Z,33.9233333,-116.7726667,6.42,0.61,ml,8,179,0.1153,0.18,ci,ci38681618,2020-09-09T23:31:48.843Z,"2km ENE of Cabazon, CA",earthquake,0.72,31.61,0.235,4,reviewed,ci,ci
2020-09-09T15:54:25.030Z,17.9423,-66.9531,8,2.97,md,18,206,0.0809,0.16,pr,pr2020253006,2020-09-09T16:14:58.108Z,"5 km SW of Guánica, Puerto Rico",earthquake,0.46,0.7,0.22,6,reviewed,pr,pr
2020-09-09T15:50:31.490Z,46.3065,-111.6041667,-2,1.58,ml,10,165,0.316,0.24,mb,mb80462409,2020-09-09T21:01:59.990Z,"6 km WSW of Townsend, Montana",quarry blast,0.86,31.61,0.24,4,reviewed,mb,mb
2020-09-09T15:48:07.950Z,40.4933319,-124.3201675,18.07,1.95,md,8,209,0.1701,0.05,nc,nc73455451,2020-09-09T16:14:04.132Z,"10km SSW of Ferndale, CA",earthquake,0.83,1.38,0.08,4,automatic,nc,nc
2020-09-09T15:41:09.022Z,38.1615,-117.9693,3.9,2.4,ml,27,74.72,0.024,0.1603,nn,nn00772772,2020-09-09T19:41:55.921Z,"28 km SSE of Mina, Nevada",earthquake,,0.7,0.46,14,reviewed,nn,nn
2020-09-09T15:34:23.550Z,38.1787,-117.874,14.1,1.5,ml,18,97.23,0.057,0.09,nn,nn00772769,2020-09-09T15:42:27.309Z,"31 km SE of Mina, Nevada",earthquake,,1.9,,,automatic,nn,nn
2020-09-09T15:29:05.672Z,63.4789,-147.768,19.7,0.8,ml,,,,0.57,ak,ak020bmo2j7r,2020-09-09T15:41:49.662Z,"59 km E of Cantwell, Alaska",earthquake,,1.1,,,automatic,ak,ak
2020-09-09T15:25:56.720Z,38.1788,-117.8532,12.5,1.2,ml,16,103.38,0.015,0.1,nn,nn00772766,2020-09-09T15:35:06.272Z,"32 km SE of Mina, Nevada",earthquake,,1,,,automatic,nn,nn
2020-09-09T15:21:00.670Z,33.9096667,-116.805,16.07,0.75,ml,17,116,0.07615,0.08,ci,ci38681594,2020-09-09T23:25:29.806Z,"2km WSW of Cabazon, CA",earthquake,0.2,0.52,0.217,4,reviewed,ci,ci
2020-09-09T15:00:38.950Z,18.0271,-66.759,14,2.81,md,14,156,0.131,0.18,pr,pr2020253005,2020-09-09T15:14:54.462Z,"1 km NE of Magas Arriba, Puerto Rico",earthquake,0.46,0.58,0.25,6,reviewed,pr,pr
2020-09-09T14:59:35.316Z,38.9781,-118.7701,0.7,1.7,ml,28,121.88,0.366,0.1515,nn,nn00772761,2020-09-09T17:59:53.721Z,"4 km NE of Schurz, Nevada",earthquake,,1.6,0.34,14,reviewed,nn,nn
2020-09-09T14:58:17.570Z,34.3725,-116.4536667,7.49,1.35,ml,20,74,0.09997,0.22,ci,ci38681554,2020-09-09T15:02:09.108Z,"29km N of Yucca Valley, CA",earthquake,0.43,1.17,0.224,29,automatic,ci,ci
2020-09-09T14:57:36.750Z,38.1503,-117.9007,5.3,1.2,ml,10,102.35,0.032,0.15,nn,nn00772759,2020-09-09T15:01:24.461Z,"32 km SE of Mina, Nevada",earthquake,,0.6,,,automatic,nn,nn
2020-09-09T14:55:27.610Z,38.8334999,-122.8069992,2.25,0.96,md,23,49,0.01037,0.02,nc,nc73455446,2020-09-09T15:36:02.915Z,"7km W of Cobb, CA",earthquake,0.23,0.42,0.26,4,automatic,nc,nc
2020-09-09T14:50:45.510Z,34.3728333,-116.4575,8.75,1.19,ml,16,73,0.1021,0.21,ci,ci38681546,2020-09-09T14:54:26.036Z,"29km N of Yucca Valley, CA",earthquake,0.51,1.04,0.272,20,automatic,ci,ci
2020-09-09T14:45:32.520Z,38.167,-118.0057,1.4,1.1,ml,11,91.85,0.029,0.04,nn,nn00772757,2020-09-09T14:59:06.067Z,"26 km SSE of Mina, Nevada",earthquake,,0.6,,,automatic,nn,nn
2020-09-09T14:34:31.810Z,19.3746666666667,-155.876,25.33,1.99,md,37,165,,0.15,hv,hv72126076,2020-09-10T00:18:40.020Z,"9 km S of Honaunau-Napoopoo, Hawaii",earthquake,0.45,0.86,0.10526423986109,26,reviewed,hv,hv
2020-09-09T14:34:22.330Z,44.4661667,-115.1861667,4.31,2.47,ml,11,81,0.85,0.21,mb,mb80462389,2020-09-09T21:39:28.480Z,"33 km NW of Stanley, Idaho",earthquake,0.57,1.64,0.186,10,reviewed,mb,mb
2020-09-09T14:32:18.509Z,62.3154,-150.757,19.3,1.1,ml,,,,0.54,ak,ak020bmnhrr6,2020-09-09T14:41:49.695Z,"20 km S of Petersville, Alaska",earthquake,,0.2,,,automatic,ak,ak
2020-09-09T14:28:14.118Z,-7.2792,127.9251,138.64,4.7,mb,,87,3.416,0.71,us,us7000bkcf,2020-09-09T14:50:05.040Z,"171 km NE of Lospalos, Timor Leste",earthquake,8.5,4.4,0.137,16,reviewed,us,us
2020-09-09T14:26:13.790Z,41.9393333333333,-122.181833333333,-0.53,0.97,ml,7,97,0.2086,0.18,uw,uw61670662,2020-09-09T17:45:10.280Z,"19 km NW of Macdoel, California",earthquake,0.8,2.31,0.148703768069656,3,reviewed,uw,uw
2020-09-09T14:21:37.240Z,33.7148333,-116.8155,16.92,0.49,ml,19,99,0.08454,0.1,ci,ci37299500,2020-09-10T00:32:30.508Z,"8km ESE of Valle Vista, CA",earthquake,0.32,0.42,0.258,9,reviewed,ci,ci
2020-09-09T14:21:14.960Z,33.7103333,-116.8156667,17.51,0.7,ml,16,177,0.08449,0.11,ci,ci38681498,2020-09-10T00:24:20.280Z,"8km ESE of Valle Vista, CA",earthquake,0.5,0.47,0.232,10,reviewed,ci,ci
2020-09-09T14:21:03.240Z,19.191333770752,-155.459167480469,33.7599983215332,1.95000005,md,45,112,,0.109999999,hv,hv72126056,2020-09-09T14:24:03.660Z,"2 km ESE of Pāhala, Hawaii",earthquake,0.53,0.930000007,0.74000001,7,automatic,hv,hv
2020-09-09T14:17:59.027Z,58.2062,-154.9334,1.5,0.5,ml,,,,1.02,ak,ak020bmnen4u,2020-09-09T16:31:52.362Z,"76 km NNW of Karluk, Alaska",earthquake,,5.6,,,automatic,ak,ak
2020-09-09T14:15:06.760Z,35.6223333,-117.4446667,8.19,0.78,ml,9,166,0.0385,0.13,ci,ci38681482,2020-09-09T14:21:49.359Z,"16km SSW of Searles Valley, CA",earthquake,1.11,0.65,0.081,5,reviewed,ci,ci
2020-09-09T14:05:31.605Z,64.9562,-148.9467,17.6,1.2,ml,,,,0.74,ak,ak020bmnc0ff,2020-09-09T14:12:03.288Z,"28 km SE of Minto, Alaska",earthquake,,0.2,,,automatic,ak,ak
2020-09-09T14:05:22.600Z,38.1878,-117.8007,0,1.5,ml,12,68.91,0.022,0.11,nn,nn00772753,2020-09-09T14:36:05.940Z,"35 km SE of Mina, Nevada",earthquake,,5.3,,,automatic,nn,nn
2020-09-09T14:04:16.650Z,38.8009987,-122.7888336,3.31,0.51,md,17,64,0.007841,0.03,nc,nc73455436,2020-09-09T14:41:03.539Z,"4km NW of The Geysers, CA",earthquake,0.31,0.64,0.28,2,automatic,nc,nc
2020-09-09T13:58:57.530Z,38.1567,-117.9425,13.4,1.4,ml,13,102.87,0.021,0.13,nn,nn00772750,2020-09-09T14:06:25.493Z,"29 km SSE of Mina, Nevada",earthquake,,1.3,,,automatic,nn,nn
2020-09-09T13:57:31.200Z,33.8231667,-116.5755,10.02,0.11,ml,6,173,0.02103,0.08,ci,ci38681458,2020-09-09T14:45:00.763Z,"4km W of Palm Springs, CA",earthquake,0.43,0.68,0.137,3,reviewed,ci,ci
2020-09-09T13:48:41.010Z,55.4736666666667,-161.871333333333,32.81,0.44,ml,7,185,,0.22,av,av91122591,2020-09-10T00:03:58.670Z,"54 km NNE of King Cove, Alaska",earthquake,2.1,1.44,0.378257135174343,7,reviewed,av,av
2020-09-09T13:48:28.200Z,44.4741667,-115.1985,4.59,1.88,ml,10,79,0.4,0.2,mb,mb80462369,2020-09-09T21:43:35.080Z,"35 km NW of Stanley, Idaho",earthquake,0.55,2.33,0.308,9,reviewed,mb,mb
2020-09-09T13:47:16.997Z,67.1405,-146.2374,12.6,0.9,ml,,,,0.57,ak,ak020bmmzjrn,2020-09-09T14:08:22.433Z,"16 km NNE of Venetie, Alaska",earthquake,,0.6,,,automatic,ak,ak
2020-09-09T13:43:07.200Z,38.8120003,-122.821167,2.84,0.78,md,23,57,0.006997,0.03,nc,nc73455431,2020-09-09T14:14:03.372Z,"7km NW of The Geysers, CA",earthquake,0.22,0.58,0.14,2,automatic,nc,nc
2020-09-09T13:35:50.430Z,35.8675,-117.6936667,7.52,0.26,ml,11,102,0.08251,0.06,ci,ci38681442,2020-09-10T00:22:49.453Z,"21km ESE of Little Lake, CA",earthquake,0.15,0.53,0.095,4,reviewed,ci,ci
2020-09-09T13:34:43.060Z,44.7801667,-111.0955,13.28,0.47,md,9,113,0.01782,0.13,uu,uu60410157,2020-09-09T14:26:37.290Z,"7 km E of Hebgen Lake Estates, Montana",earthquake,0.59,1.65,0.131,5,reviewed,uu,uu
2020-09-09T13:14:31.860Z,17.963,-66.9815,4,2.16,md,8,195,0.0631,0.1,pr,pr2020253004,2020-09-09T13:28:35.709Z,"7 km E of La Parguera, Puerto Rico",earthquake,0.44,0.48,0.16,5,reviewed,pr,pr
2020-09-09T13:08:57.200Z,38.1117,-118.0383,1.7,0.6,ml,14,189.54,0.054,0.17,nn,nn00772745,2020-09-09T13:17:05.432Z,"31 km S of Mina, Nevada",earthquake,,13.2,,,automatic,nn,nn
2020-09-09T13:06:06.840Z,33.7076667,-116.7525,16.18,0.25,ml,18,73,0.03214,0.08,ci,ci38681410,2020-09-10T00:21:04.441Z,"5km SW of Idyllwild, CA",earthquake,0.24,0.29,0.206,8,reviewed,ci,ci
2020-09-09T12:54:20.594Z,38.1484,-118.043,2.1,1.9,ml,30,54.75,0.014,0.1731,nn,nn00772742,2020-09-09T21:12:03.969Z,"27 km SSE of Mina, Nevada",earthquake,,0.6,0.4,17,reviewed,nn,nn
2020-09-09T12:43:08.420Z,33.5903333,-116.8141667,5.25,0.26,ml,21,57,0.04192,0.19,ci,ci38681402,2020-09-09T12:46:40.255Z,"14km WNW of Anza, CA",earthquake,0.45,0.77,0.17,8,automatic,ci,ci
2020-09-09T12:37:12.260Z,38.1972,-117.7583,10.4,0.9,ml,14,105.68,0.038,0.05,nn,nn00772739,2020-09-09T12:55:25.182Z,"37 km SE of Mina, Nevada",earthquake,,1.2,,,automatic,nn,nn
2020-09-09T12:35:32.678Z,60.9516,-147.4542,28.6,1.4,ml,,,,0.1,ak,ak020bmmbksb,2020-09-09T12:40:58.626Z,"43 km WNW of Tatitlek, Alaska",earthquake,,0.4,,,automatic,ak,ak
2020-09-09T12:31:19.004Z,61.639,-149.9393,40.1,1.6,ml,,,,0.47,ak,ak020bmmanmh,2020-09-09T12:37:17.753Z,"6 km W of Houston, Alaska",earthquake,,0.5,,,automatic,ak,ak
2020-09-09T12:28:11.040Z,34.0268333,-117.222,14.53,0.9,ml,23,73,0.1277,0.23,ci,ci38681378,2020-09-09T12:31:49.528Z,"4km ESE of Loma Linda, CA",earthquake,0.34,1.12,0.147,23,automatic,ci,ci
2020-09-09T12:05:43.970Z,35.9831667,-117.3506667,2.67,1.51,ml,26,80,0.107,0.15,ci,ci38681338,2020-09-09T18:48:56.180Z,"24km NNE of Searles Valley, CA",earthquake,0.24,0.5,0.133,21,reviewed,ci,ci
2020-09-09T11:59:05.920Z,35.7146667,-117.498,3.09,0.56,ml,9,167,0.1293,0.17,ci,ci38681330,2020-09-09T13:39:03.008Z,"10km SW of Searles Valley, CA",earthquake,0.57,1.89,0.119,8,reviewed,ci,ci
2020-09-09T11:58:26.450Z,19.382833480835,-155.130493164062,2.46000003814697,1.82,ml,28,100,,0.25999999,hv,hv72125871,2020-09-09T12:03:57.240Z,"9 km S of Fern Forest, Hawaii",earthquake,0.86,0.479999989,0.24,3,automatic,hv,hv
2020-09-09T11:54:36.840Z,35.7855,-117.6045,5.97,0.89,ml,11,124,0.03071,0.16,ci,ci38681322,2020-09-09T11:58:09.976Z,"18km W of Searles Valley, CA",earthquake,0.47,0.73,0.148,11,automatic,ci,ci
2020-09-09T11:49:41.700Z,46.878,-112.5181667,11.75,0.82,ml,9,109,0.046,0.1,mb,mb80462384,2020-09-09T14:41:24.610Z,"15 km SE of Lincoln, Montana",earthquake,0.46,0.43,,0,reviewed,mb,mb
2020-09-09T11:49:35.766Z,39.4055,-119.9306,8.9,0.6,ml,7,160.64,0.14,0.1377,nn,nn00772821,2020-09-09T23:43:41.857Z,"7 km E of Floriston, California",earthquake,,3.5,0.4,3,reviewed,nn,nn
2020-09-09T11:47:44.873Z,39.4314,-120.1137,6.5,-0.3,ml,3,237.03,0.151,0.0056,nn,nn00772820,2020-09-09T23:31:16.940Z,"8 km WNW of Floriston, California",earthquake,,12.8,0,1,reviewed,nn,nn
2020-09-09T11:44:00.580Z,38.117,-118.0412,11.4,1.1,ml,15,132.72,0.052,0.25,nn,nn00772733,2020-09-09T12:06:45.391Z,"30 km S of Mina, Nevada",earthquake,,3.3,,,automatic,nn,nn
2020-09-09T11:37:56.000Z,35.6038333,-117.4693333,6.47,1.03,ml,13,149,0.01825,0.14,ci,ci38681314,2020-09-09T11:41:37.872Z,"19km E of Ridgecrest, CA",earthquake,0.4,0.53,0.185,10,automatic,ci,ci
2020-09-09T11:31:29.570Z,35.5981667,-117.4046667,8.38,1.93,ml,11,156,0.04831,0.14,ci,ci38681306,2020-09-09T13:30:19.494Z,"19km S of Trona, CA",earthquake,0.41,0.63,0.051,4,reviewed,ci,ci
2020-09-09T11:31:09.340Z,35.597,-117.4095,7.98,2.15,ml,30,101,0.04421,0.17,ci,ci38681298,2020-09-09T11:35:01.831Z,"19km S of Trona, CA",earthquake,0.32,0.65,0.11,26,automatic,ci,ci
2020-09-09T11:26:26.376Z,39.4046,-119.9215,8.2,1.8,ml,29,36.68,0.103,0.1714,nn,nn00772726,2020-09-09T19:27:32.647Z,"8 km E of Floriston, California",earthquake,,1,0.41,10,reviewed,nn,nn
2020-09-09T11:21:52.621Z,61.6503,-150.3654,38.6,1.7,ml,,,,0.62,ak,ak020bmln6n5,2020-09-09T11:29:26.908Z,"14 km NNE of Susitna, Alaska",earthquake,,1,,,automatic,ak,ak
2020-09-09T11:11:32.540Z,35.821,-117.642,7.93,0.54,ml,6,117,0.03654,0.1,ci,ci38681290,2020-09-09T11:15:04.285Z,"22km WNW of Searles Valley, CA",earthquake,0.54,0.93,0.228,6,automatic,ci,ci
2020-09-09T11:09:01.750Z,38.155,-117.9028,5.9,0.7,ml,12,76.5,0.006,0.12,nn,nn00772724,2020-09-09T11:27:24.516Z,"31 km SE of Mina, Nevada",earthquake,,0.8,,,automatic,nn,nn
2020-09-09T11:04:40.360Z,47.4263333,-114.6835,7.31,0.11,md,10,97,0.176,0.1,mb,mb80462399,2020-09-09T14:52:12.670Z,"9 km ENE of Paradise, Montana",earthquake,0.35,2.43,0.148,3,reviewed,mb,mb
2020-09-09T11:01:35.369Z,59.6161,-153.464,113.9,1.6,ml,,,,0.83,ak,ak020bmliv19,2020-09-09T11:20:04.709Z,"40 km ESE of Pedro Bay, Alaska",earthquake,,0.5,,,automatic,ak,ak
2020-09-09T10:57:10.784Z,-6.2231,154.4725,43.28,5.4,mww,,61,3.059,0.83,us,us7000bkaw,2020-09-09T13:00:16.092Z,"112 km W of Panguna, Papua New Guinea",earthquake,8,7,0.089,12,reviewed,us,us
2020-09-09T10:54:03.910Z,44.4715,-115.2196667,9.35,2.65,ml,16,82,0.391,0.23,mb,mb80462339,2020-09-09T15:32:41.950Z,"36 km NW of Stanley, Idaho",earthquake,0.47,1.14,0.303,18,reviewed,mb,mb
2020-09-09T10:53:58.000Z,35.7033333,-117.5123333,2.78,0.94,ml,16,142,0.1235,0.13,ci,ci38681282,2020-09-09T10:57:43.309Z,"12km SW of Searles Valley, CA",earthquake,0.39,0.68,0.137,11,automatic,ci,ci
2020-09-09T10:53:49.030Z,46.8471666666667,-121.764833333333,-1.08,0.26,ml,8,81,0.02472,0.09,uw,uw61670617,2020-09-09T17:39:58.900Z,"22 km ENE of Ashford, Washington",earthquake,0.32,8.55,0.205087163467674,4,reviewed,uw,uw
2020-09-09T10:50:29.850Z,46.866,-121.761166666667,0.95,0.15,ml,7,149,0.02038,0.05,uw,uw61670612,2020-09-09T17:35:42.780Z,"23 km ENE of Ashford, Washington",earthquake,0.48,1.13,0.0916378543547414,3,reviewed,uw,uw
2020-09-09T10:42:50.827Z,27.508,56.184,10,4.4,mb,,77,2.552,0.64,us,us7000bkas,2020-09-09T11:36:28.040Z,"36 km NNW of Bandar Abbas, Iran",earthquake,8.6,1.9,0.095,32,reviewed,us,us
2020-09-09T10:42:17.290Z,38.8001671,-122.7710037,1.83,0.78,md,10,85,0.008835,0.02,nc,nc73455406,2020-09-09T12:06:03.511Z,"3km NNW of The Geysers, CA",earthquake,0.36,0.63,0.13,2,automatic,nc,nc
2020-09-09T10:36:51.052Z,67.3375,-163.169,0,2,ml,,,,0.77,ak,ak020bml4ypd,2020-09-09T10:41:57.315Z,"27 km SSW of Noatak, Alaska",earthquake,,0.3,,,automatic,ak,ak
2020-09-09T10:31:37.740Z,44.4606667,-115.1958333,3.63,1.68,ml,12,79,0.389,0.27,mb,mb80462334,2020-09-09T21:57:30.340Z,"33 km NW of Stanley, Idaho",earthquake,0.61,3.33,0.299,11,reviewed,mb,mb
2020-09-09T10:28:18.359Z,36.35983333,-97.3695,7.22,1.45,ml,67,56,0,0.24,ok,ok2020rtfl,2020-09-09T12:26:30.822Z,"10 km NW of Perry, Oklahoma",earthquake,,0.6,0.21,23,reviewed,ok,ok
2020-09-09T10:25:58.140Z,38.1643,-117.9838,1.8,0.9,ml,12,103.95,0.031,0.04,nn,nn00772717,2020-09-09T10:44:24.747Z,"27 km SSE of Mina, Nevada",earthquake,,0.4,,,automatic,nn,nn
2020-09-09T10:23:27.030Z,38.1808,-117.8492,13.3,0.9,ml,12,77.24,0.021,0.1,nn,nn00772715,2020-09-09T10:27:45.662Z,"32 km SE of Mina, Nevada",earthquake,,0.8,,,automatic,nn,nn
2020-09-09T10:23:17.270Z,19.1916675567627,-155.396331787109,30.9200000762939,1.73000002,md,40,170,,0.150000006,hv,hv72125776,2020-09-09T10:26:29.490Z,"8 km E of Pāhala, Hawaii",earthquake,0.53,0.870000005,0.74000001,3,automatic,hv,hv
2020-09-09T10:18:43.410Z,19.2073333333333,-155.399,32.94,3.03,md,57,157,,0.13,hv,hv72125766,2020-09-09T21:17:12.423Z,"8 km E of Pāhala, Hawaii",earthquake,0.45,0.6,0.184366231711229,27,reviewed,hv,hv
2020-09-09T10:13:56.970Z,38.1695,-117.8612,12.4,0.9,ml,12,107.89,0.008,0.07,nn,nn00772713,2020-09-09T10:24:45.405Z,"32 km SE of Mina, Nevada",earthquake,,0.6,,,automatic,nn,nn
2020-09-09T10:09:44.930Z,35.8045,-117.6241667,10.25,0.97,ml,14,80,0.0244,0.14,ci,ci38681274,2020-09-09T10:13:15.326Z,"20km WNW of Searles Valley, CA",earthquake,0.38,0.65,0.033,4,automatic,ci,ci
2020-09-09T10:07:28.389Z,38.1769,-117.8719,10.4,3.6,ml,32,40.31,0.015,0.1623,nn,nn00772709,2020-09-09T17:43:36.320Z,"31 km SE of Mina, Nevada",earthquake,,0.5,0.34,18,reviewed,nn,nn
2020-09-09T10:06:45.830Z,19.2098331451416,-155.400329589844,32.3300018310547,2.1400001,md,50,155,,0.129999995,hv,hv72125756,2020-09-09T10:10:00.420Z,"8 km E of Pāhala, Hawaii",earthquake,0.57,0.74000001,1.74000001,18,automatic,hv,hv
2020-09-09T10:02:21.420Z,19.3801666666667,-155.125666666667,2.34,2.04,ml,49,103,,0.11,hv,hv72125746,2020-09-10T01:03:36.070Z,"9 km S of Fern Forest, Hawaii",earthquake,0.35,0.25,0.136690661199245,10,reviewed,hv,hv
2020-09-09T10:00:11.822Z,62.7485,-149.0322,51.8,2.3,ml,,,,0.78,ak,ak020bmkx5uj,2020-09-09T11:30:32.040Z,"64 km ENE of Chase, Alaska",earthquake,,0.6,,,automatic,ak,ak
2020-09-09T09:55:46.372Z,-3.726,136.4585,82.98,4.1,mb,,145,4.278,0.6,us,us7000bka9,2020-09-09T11:27:07.040Z,"113 km ESE of Nabire, Indonesia",earthquake,13.9,9.1,0.135,15,reviewed,us,us
2020-09-09T09:51:52.050Z,19.3428325653076,-155.120834350586,6.11999988555908,1.85,ml,47,134,,0.129999995,hv,hv72125736,2020-09-09T09:57:23.930Z,"13 km S of Fern Forest, Hawaii",earthquake,0.38,0.370000005,0.31,9,automatic,hv,hv
2020-09-09T09:50:06.900Z,33.4726667,-116.501,13.88,0.64,ml,17,131,0.08739,0.12,ci,ci38681258,2020-09-09T09:53:52.196Z,"18km ESE of Anza, CA",earthquake,0.28,0.7,0.126,13,automatic,ci,ci
2020-09-09T09:49:39.090Z,36.4835,-81.0861667,0.51,-0.42,md,4,130,0.008269,0.06,se,se60328266,2020-09-09T12:35:59.550Z,"3 km SE of Sparta, North Carolina",earthquake,0.5,1.14,0.097,4,reviewed,se,se
2020-09-09T09:35:16.850Z,40.2161,-121.1499,2.5,2,ml,9,124.06,0.293,0.2219,nn,nn00772706,2020-09-09T20:34:45.139Z,"0 km NE of Prattville, California",earthquake,,2.1,0.43,6,reviewed,nn,nn
2020-09-09T09:32:52.201Z,37.9381,-117.4811,10.4,1.3,ml,19,79.45,0.227,0.1529,nn,nn00772705,2020-09-09T18:30:50.963Z,"24 km NNE of Silver Peak, Nevada",earthquake,,2,0.14,8,reviewed,nn,nn
2020-09-09T09:30:42.360Z,32.8651667,-116.1778333,9.42,0.98,ml,12,99,0.09979,0.13,ci,ci38681250,2020-09-09T09:34:29.460Z,"22km NW of Ocotillo, CA",earthquake,0.39,0.8,0.246,5,automatic,ci,ci
2020-09-09T09:22:08.660Z,36.0993333,-117.8451667,2.34,0.38,ml,9,214,0.0983,0.07,ci,ci38681242,2020-09-10T00:18:00.724Z,"11km ENE of Coso Junction, CA",earthquake,0.34,0.25,0.195,5,reviewed,ci,ci
2020-09-09T09:16:44.409Z,15.7436,-95.9221,20.52,4.4,mb,,157,3.114,0.62,us,us7000bk9w,2020-09-09T09:31:21.040Z,"22 km SSW of El Coyul, Mexico",earthquake,10,7.8,0.082,43,reviewed,us,us
2020-09-09T09:04:26.840Z,38.8209991,-122.8426666,2.66,0.33,md,10,86,0.006329,0.01,nc,nc73455381,2020-09-09T09:22:03.129Z,"9km WNW of The Geysers, CA",earthquake,0.49,1.09,0.25,2,automatic,nc,nc
2020-09-09T08:57:30.670Z,38.8284988,-122.815834,1.95,1.4,md,29,44,0.006798,0.03,nc,nc73455376,2020-09-09T11:08:03.189Z,"8km NW of The Geysers, CA",earthquake,0.17,0.32,0.15,7,automatic,nc,nc
2020-09-09T08:55:00.290Z,33.6046667,-116.8036667,6.29,0.36,ml,15,72,0.03479,0.17,ci,ci38681234,2020-09-09T08:58:48.043Z,"13km WNW of Anza, CA",earthquake,0.56,0.76,0.232,8,automatic,ci,ci
2020-09-09T08:51:52.140Z,4.2148,126.7652,43.8,4.5,mb,,116,3.072,0.85,us,us7000bk9q,2020-09-09T10:51:51.040Z,"195 km SE of Sarangani, Philippines",earthquake,8.9,4,0.111,24,reviewed,us,us
2020-09-09T08:45:49.740Z,46.9625,-112.7663333,12.81,0.49,md,19,130,0.076,0.11,mb,mb80462379,2020-09-09T14:36:01.160Z,"6 km W of Lincoln, Montana",earthquake,0.4,0.45,0.446,5,reviewed,mb,mb
2020-09-09T08:41:41.390Z,44.1181667,-115.0763333,9.98,2.49,ml,15,81,0.26,0.22,mb,mb80462309,2020-09-09T15:57:13.510Z,"15 km SW of Stanley, Idaho",earthquake,0.57,1.16,0.172,13,reviewed,mb,mb
2020-09-09T08:39:10.220Z,38.1327,-117.8713,8.3,1,ml,9,110.09,0.059,0.22,nn,nn00772702,2020-09-09T08:57:43.900Z,"35 km SE of Mina, Nevada",earthquake,,12.6,,,automatic,nn,nn
2020-09-09T08:30:50.770Z,38.8348351,-122.8101654,1.98,0.9,md,17,59,0.01142,0.01,nc,nc73455366,2020-09-09T10:41:04.019Z,"8km W of Cobb, CA",earthquake,0.27,0.52,0.01,2,automatic,nc,nc
2020-09-09T08:26:29.620Z,36.4476667,-117.9628333,8.15,1.39,ml,27,69,0.09492,0.17,ci,ci38681226,2020-09-10T00:15:57.408Z,"18km SSE of Lone Pine, CA",earthquake,0.2,0.49,0.096,16,reviewed,ci,ci
2020-09-09T08:22:35.330Z,38.8131676,-122.8523331,21.61,1.8,md,11,171,0.01279,0.17,nc,nc73455361,2020-09-09T16:25:16.260Z,"9km WNW of The Geysers, CA",earthquake,3.92,3.81,,1,automatic,nc,nc
2020-09-09T08:22:06.380Z,38.0575,-118.0547,0,1,ml,10,160.83,0.046,0.33,nn,nn00772696,2020-09-09T08:27:44.610Z,"37 km S of Mina, Nevada",earthquake,,23.5,,,automatic,nn,nn
2020-09-09T08:21:32.440Z,19.246166229248,-155.378326416016,31.9099998474121,2,md,46,142,,0.119999997,hv,hv72125621,2020-09-09T08:24:43.490Z,"11 km ENE of Pāhala, Hawaii",earthquake,0.67,0.779999971,0.349999994,25,automatic,hv,hv
2020-09-09T08:20:06.840Z,36.4187,-116.9765,12.8,1.3,ml,16,183.8,0.086,0.12,nn,nn00772694,2020-09-09T08:23:25.191Z,"11 km WSW of Furnace Creek, California",earthquake,,1,,,automatic,nn,nn
2020-09-09T08:19:47.590Z,44.7573333,-111.224,11.81,0.47,md,11,183,0.02086,0.16,uu,uu60410147,2020-09-09T13:20:43.890Z,"2 km WSW of Hebgen Lake Estates, Montana",earthquake,0.82,1.03,0.222,6,reviewed,uu,uu
2020-09-09T08:19:32.230Z,35.6976667,-117.5705,8.83,0.32,ml,11,202,0.08881,0.1,ci,ci37299492,2020-09-10T00:09:42.046Z,"13km NE of Ridgecrest, CA",earthquake,0.49,0.85,0.068,4,reviewed,ci,ci
2020-09-09T08:19:12.390Z,35.567,-117.4033333,8.2,0.71,ml,13,133,0.05178,0.1,ci,ci38681218,2020-09-09T23:58:06.028Z,"22km S of Trona, CA",earthquake,0.27,0.35,0.105,7,reviewed,ci,ci
2020-09-09T08:15:38.320Z,33.6946667,-116.705,16.23,0.44,ml,17,122,0.01815,0.06,ci,ci38681210,2020-09-09T23:53:29.997Z,"5km SSE of Idyllwild, CA",earthquake,0.23,0.26,0.142,12,reviewed,ci,ci
2020-09-09T08:12:53.740Z,46.9128333,-112.516,10.56,0.61,ml,6,134,0.067,0.08,mb,mb80462394,2020-09-09T14:45:57.440Z,"13 km ESE of Lincoln, Montana",earthquake,0.48,0.94,,0,reviewed,mb,mb
2020-09-09T08:05:45.140Z,19.1660003662109,-155.475997924805,35.4099998474121,1.96000004,md,44,96,,0.109999999,hv,hv72125596,2020-09-09T08:09:08.180Z,"4 km S of Pāhala, Hawaii",earthquake,0.63,0.939999998,0.289999992,9,automatic,hv,hv
2020-09-09T08:01:50.963Z,53.5418,-163.4059,41.4,2.2,ml,,,,0.75,ak,ak020bmjqq38,2020-09-09T16:26:20.148Z,"146 km S of False Pass, Alaska",earthquake,,2.7,,,reviewed,ak,ak
2020-09-09T07:57:22.700Z,38.8168335,-122.7860031,1.79,1.01,md,17,85,0.005477,0.03,nc,nc73455356,2020-09-09T08:12:05.604Z,"5km NNW of The Geysers, CA",earthquake,0.24,0.7,0.28,2,automatic,nc,nc
2020-09-09T07:55:25.149Z,64.7893,-148.297,16.7,0.5,ml,,,,0.43,ak,ak020bmjgohu,2020-09-09T08:01:01.985Z,"14 km WSW of Ester, Alaska",earthquake,,0.6,,,automatic,ak,ak
2020-09-09T07:53:23.650Z,38.135,-118.0543,0.7,1,ml,15,158.42,0.033,0.18,nn,nn00772690,2020-09-09T08:21:25.047Z,"28 km S of Mina, Nevada",earthquake,,15.8,,,automatic,nn,nn
2020-09-09T07:48:09.380Z,35.798,-117.619,9.27,0.59,ml,10,182,0.02487,0.06,ci,ci38681194,2020-09-09T13:31:42.953Z,"20km W of Searles Valley, CA",earthquake,0.54,0.67,0.13,8,reviewed,ci,ci
2020-09-09T07:41:02.110Z,59.9194,-152.2475,81.4,1.4,ml,,,,0.73,ak,ak020bmjdmoj,2020-09-09T07:57:21.138Z,"28 km NW of Anchor Point, Alaska",earthquake,,0.6,,,automatic,ak,ak
2020-09-09T07:28:45.390Z,38.146,-118.0353,1.8,1,ml,14,151.73,0.03,0.07,nn,nn00772687,2020-09-09T07:54:24.724Z,"27 km SSE of Mina, Nevada",earthquake,,9.9,,,automatic,nn,nn
2020-09-09T07:24:13.670Z,37.4388333,-112.9803333,8.86,0.7,ml,5,191,0.142,0.09,uu,uu60410137,2020-09-09T14:06:28.690Z,"21 km ESE of Kanarraville, Utah",earthquake,0.53,1.8,0.335,2,reviewed,uu,uu
2020-09-09T07:18:50.620Z,38.2188,-117.7943,3.9,0.9,ml,10,109.7,0.038,0,nn,nn00772686,2020-09-09T07:29:43.933Z,"33 km SE of Mina, Nevada",earthquake,,4.6,,,automatic,nn,nn
2020-09-09T07:18:40.873Z,4.2064,126.6394,18,5.8,mww,,32,3.033,1.61,us,us7000bk82,2020-09-09T14:35:51.601Z,"185 km SE of Sarangani, Philippines",earthquake,4.1,3.1,0.053,34,reviewed,us,us
2020-09-09T07:12:08.230Z,19.3363333333333,-155.123833333333,6.2,2.15,ml,51,128,,0.11,hv,hv72125506,2020-09-10T01:18:00.100Z,"14 km S of Fern Forest, Hawaii",earthquake,0.31,0.38,0.169259904940491,17,reviewed,hv,hv
2020-09-09T07:09:42.690Z,33.4906667,-116.8013333,6.62,0.5,ml,22,67,0.09174,0.17,ci,ci38681186,2020-09-09T13:31:56.955Z,"8km NE of Aguanga, CA",earthquake,0.23,0.62,0.095,15,reviewed,ci,ci
2020-09-09T07:08:02.360Z,38.7591667,-122.9503326,5.64,0.6,md,7,199,0.05145,0.04,nc,nc73455341,2020-09-09T07:34:04.420Z,"8km SE of Cloverdale, CA",earthquake,1.32,3.81,,3,automatic,nc,nc
2020-09-09T07:07:59.100Z,36.148,-117.694,2.28,1,ml,9,136,0.1337,0.14,ci,ci38681178,2020-09-09T13:32:11.956Z,"26km ENE of Coso Junction, CA",earthquake,0.37,1.65,0.128,10,reviewed,ci,ci
2020-09-09T07:05:57.208Z,61.1535,-140.025,13,1.3,ml,,,,0.24,ak,ak020bmj6160,2020-09-09T07:10:01.934Z,"143 km WNW of Haines Junction, Canada",earthquake,,0.5,,,automatic,ak,ak
2020-09-09T07:03:28.311Z,61.5892,-146.5082,35,1.2,ml,,,,0.71,ak,ak020bmj5ji7,2020-09-09T07:17:54.257Z,"46 km SSE of Nelchina, Alaska",earthquake,,2.1,,,automatic,ak,ak
2020-09-09T06:56:58.360Z,33.4815,-116.806,6,1.54,ml,58,37,0.03115,0.2,ci,ci38681170,2020-09-09T07:07:48.340Z,"7km NE of Aguanga, CA",earthquake,0.18,0.61,0.133,26,automatic,ci,ci
2020-09-09T06:55:04.912Z,54.5088,-171.0947,28,2.5,ml,,,,0.74,ak,ak020bmiv973,2020-09-09T16:16:16.755Z,"228 km NW of Nikolski, Alaska",earthquake,,1.5,,,reviewed,ak,ak
2020-09-09T06:50:09.831Z,38.05,-118.7572,7.2,1.7,ml,28,87.89,0.283,0.1471,nn,nn00772682,2020-09-09T23:09:37.675Z,"33 km ENE of Lee Vining, California",earthquake,,5.3,0.43,16,reviewed,nn,nn
2020-09-09T06:45:03.090Z,38.8113327,-122.8231659,2.39,1.12,md,24,59,0.005303,0.03,nc,nc73455326,2020-09-09T08:59:03.957Z,"7km WNW of The Geysers, CA",earthquake,0.2,0.42,0.1,4,automatic,nc,nc
2020-09-09T06:40:59.440Z,44.4725,-115.2038333,5.82,2.19,ml,12,79,0.397,0.21,mb,mb80462289,2020-09-09T16:07:39.630Z,"35 km NW of Stanley, Idaho",earthquake,0.46,1.58,0.276,11,reviewed,mb,mb
2020-09-09T06:40:35.100Z,38.1807,-117.8817,5.2,0.6,ml,10,111.79,0.015,0.03,nn,nn00772680,2020-09-09T06:43:43.869Z,"30 km SE of Mina, Nevada",earthquake,,6,,,automatic,nn,nn
2020-09-09T06:12:50.210Z,38.7873344,-122.7666702,1.84,0.96,md,19,101,0.01434,0.04,nc,nc73455321,2020-09-09T08:17:03.631Z,"1km NW of The Geysers, CA",earthquake,0.28,0.45,0.19,4,automatic,nc,nc
2020-09-09T06:05:19.080Z,33.1458333,-116.49,10.71,0.67,ml,13,165,0.111,0.23,ci,ci38681162,2020-09-09T06:08:57.846Z,"13km NE of Julian, CA",earthquake,0.76,0.79,0.091,3,automatic,ci,ci
2020-09-09T06:00:13.113Z,40.2621,-74.2456,5,3.1,mb_lg,,140,0.485,0.45,us,us7000bk7f,2020-09-10T01:50:59.738Z,"2 km SSE of East Freehold, New Jersey",earthquake,2.8,2,0.054,90,reviewed,us,us
2020-09-09T05:57:06.568Z,59.8491,-153.0641,127.1,2.2,ml,,,,0.48,ak,ak020bmia7ak,2020-09-09T06:13:13.050Z,"58 km E of Pedro Bay, Alaska",earthquake,,0.5,,,automatic,ak,ak
2020-09-09T05:51:36.591Z,61.5612,-149.6324,31.1,1.2,ml,,,,0.58,ak,ak020bmi8zaz,2020-09-09T05:57:30.415Z,"5 km NNW of Knik-Fairview, Alaska",earthquake,,0.2,,,automatic,ak,ak
2020-09-09T05:42:33.770Z,48.2906666666667,-123.172166666667,46.58,2.09,ml,25,58,0.1594,0.31,uw,uw61670557,2020-09-09T17:32:09.755Z,"19 km NNW of Jamestown, Washington",earthquake,0.64,1.28,0.216078188437468,17,reviewed,uw,uw
2020-09-09T05:38:40.118Z,61.7602,-150.8431,38,2.3,ml,,,,0.69,ak,ak020bmi678a,2020-09-09T13:55:30.040Z,"29 km NW of Susitna, Alaska",earthquake,,1.3,,,automatic,ak,ak
2020-09-09T05:33:44.723Z,63.1282,-144.2589,4,2.2,ml,,,,0.88,ak,ak020bmi550x,2020-09-09T05:42:05.631Z,"33 km NW of Mentasta Lake, Alaska",earthquake,,0.5,,,automatic,ak,ak
2020-09-09T05:30:13.818Z,59.9606,-152.2968,28.5,1.2,ml,,,,0.79,ak,ak020bmi4fhl,2020-09-09T05:50:28.427Z,"31 km W of Happy Valley, Alaska",earthquake,,0.8,,,automatic,ak,ak
2020-09-09T05:27:27.570Z,38.1663,-117.9782,2.8,1.2,ml,14,101.58,0.027,0.12,nn,nn00772674,2020-09-09T06:15:04.741Z,"27 km SSE of Mina, Nevada",earthquake,,1.4,,,automatic,nn,nn
2020-09-09T05:20:50.900Z,35.6571667,-117.4468333,7.53,1.41,ml,23,119,0.07162,0.2,ci,ci38681146,2020-09-09T13:32:45.961Z,"13km SSW of Searles Valley, CA",earthquake,0.44,1.06,0.157,19,reviewed,ci,ci
2020-09-09T05:19:14.020Z,33.5386667,-116.5455,14.68,0.51,ml,18,106,0.02235,0.14,ci,ci38681138,2020-09-09T13:33:00.963Z,"12km E of Anza, CA",earthquake,0.35,0.48,0.129,9,reviewed,ci,ci
2020-09-09T05:16:50.300Z,17.918,-66.908,10,2.86,md,19,217,0.064,0.11,pr,pr2020253003,2020-09-09T05:37:22.830Z,"5 km S of Guánica, Puerto Rico",earthquake,0.53,0.48,0.29,9,reviewed,pr,pr
2020-09-09T04:55:00.370Z,38.1458,-118.039,0.1,1.2,ml,17,150.52,0.028,0.27,nn,nn00772671,2020-09-09T05:28:24.721Z,"27 km SSE of Mina, Nevada",earthquake,,8.3,,,automatic,nn,nn
2020-09-09T04:46:26.350Z,34.0105,-116.7266667,11.38,1.1,ml,35,77,0.0711,0.13,ci,ci38681130,2020-09-09T23:49:02.956Z,"12km NNE of Cabazon, CA",earthquake,0.17,0.48,0.154,31,reviewed,ci,ci
2020-09-09T04:45:40.257Z,61.4392,-146.5861,21.8,1.5,ml,,,,0.64,ak,ak020bmhm9op,2020-09-09T04:51:06.839Z,"36 km NNW of Valdez, Alaska",earthquake,,0.3,,,automatic,ak,ak
2020-09-09T04:43:47.651Z,44.4864,-115.1853,10,2.4,ml,,54,0.415,0.47,us,us7000bkd8,2020-09-09T22:30:11.034Z,"35 km NNW of Stanley, Idaho",earthquake,1.5,2,0.06,36,reviewed,us,us
2020-09-09T04:41:27.240Z,38.1518,-117.8988,11.8,1.4,ml,15,117.55,0.026,0.04,nn,nn00772667,2020-09-09T04:50:24.641Z,"32 km SE of Mina, Nevada",earthquake,,0.8,,,automatic,nn,nn
2020-09-09T04:40:01.830Z,17.9519,-66.9438,10,2.64,md,17,197,0.0686,0.13,pr,pr2020253002,2020-09-09T05:44:31.667Z,"4 km WSW of Guánica, Puerto Rico",earthquake,0.41,0.44,0.11,6,reviewed,pr,pr
2020-09-09T04:38:28.990Z,38.1832,-117.8953,10.8,0.8,ml,14,123.39,0.034,0.07,nn,nn00772665,2020-09-09T04:42:43.976Z,"29 km SE of Mina, Nevada",earthquake,,0.9,,,automatic,nn,nn
2020-09-09T04:37:59.128Z,65.1681,-154.6166,10.1,1.3,ml,,,,1.03,ak,ak020bmhklew,2020-09-09T04:42:25.179Z,"63 km NE of Ruby, Alaska",earthquake,,0.2,,,automatic,ak,ak
2020-09-09T04:37:13.470Z,35.926,-117.4508333,0.02,1.34,ml,18,176,0.1228,0.18,ci,ci38681114,2020-09-09T04:40:44.340Z,"18km NNW of Searles Valley, CA",earthquake,0.42,0.62,0.11,19,automatic,ci,ci
2020-09-09T04:29:09.591Z,38.1379,-118.0432,2.5,2,ml,26,105.52,0.023,0.1621,nn,nn00772661,2020-09-09T21:43:12.441Z,"28 km SSE of Mina, Nevada",earthquake,,0.7,0.36,14,reviewed,nn,nn
2020-09-09T04:25:42.640Z,44.3116667,-115.1591667,5.61,1.84,ml,13,65,0.282,0.24,mb,mb80462254,2020-09-09T19:52:14.730Z,"20 km WNW of Stanley, Idaho",earthquake,0.49,1.31,0.206,10,reviewed,mb,mb
2020-09-09T04:18:38.500Z,38.062,-118.0558,3.6,1.3,ml,9,203.11,0.073,0.12,nn,nn00772660,2020-09-09T04:29:43.359Z,"36 km S of Mina, Nevada",earthquake,,4.9,,,automatic,nn,nn
2020-09-09T04:06:18.780Z,38.1515,-117.8692,8.7,1.6,ml,16,73.54,0.013,0.1,nn,nn00772658,2020-09-09T04:19:52.274Z,"33 km SE of Mina, Nevada",earthquake,,0.7,,,automatic,nn,nn
2020-09-09T04:05:13.180Z,38.17,-118.1198,1,1.4,ml,20,134.58,0.063,0.1,nn,nn00772656,2020-09-09T04:19:44.653Z,"24 km S of Mina, Nevada",earthquake,,10,,,automatic,nn,nn
2020-09-09T04:04:12.580Z,46.4351666666667,-122.338333333333,14.01,1.56,ml,28,69,0.1191,0.24,uw,uw61670542,2020-09-09T17:10:47.640Z,"14 km SSW of Morton, Washington",earthquake,0.4,1.08,0.101353798553336,12,reviewed,uw,uw
2020-09-09T03:41:18.641Z,4.1712,126.733,35,5.4,mww,,47,3.1,0.96,us,us7000bk6b,2020-09-09T22:23:33.588Z,"195 km SE of Sarangani, Philippines",earthquake,7.5,1.9,0.08,15,reviewed,us,us
2020-09-09T03:37:49.590Z,33.5976667,-116.8046667,6.21,0.32,ml,17,83,0.03409,0.08,ci,ci38681098,2020-09-09T18:11:15.764Z,"13km WNW of Anza, CA",earthquake,0.2,0.4,0.246,5,reviewed,ci,ci
2020-09-09T03:26:30.040Z,38.7970009,-122.7506638,1.36,1.23,md,27,94,0.007943,0.04,nc,nc73455301,2020-09-09T04:24:03.697Z,"2km NNE of The Geysers, CA",earthquake,0.23,0.38,0.04,6,automatic,nc,nc
2020-09-09T03:25:23.480Z,37.2062,-115.9913,3.4,0.8,ml,8,282.29,0.135,0.15,nn,nn00772655,2020-09-09T04:06:22.918Z,"53 km SSW of Rachel, Nevada",earthquake,,1.4,,,automatic,nn,nn
2020-09-09T03:25:01.660Z,38.8354988,-122.8268356,1.81,1.24,md,22,66,0.007428,0.03,nc,nc73455296,2020-09-09T03:57:07.512Z,"9km NW of The Geysers, CA",earthquake,0.21,0.41,0.15,4,automatic,nc,nc
2020-09-09T03:19:30.750Z,38.1698,-117.8958,11.4,1,ml,14,106.03,0.019,0.11,nn,nn00772652,2020-09-09T03:27:03.837Z,"30 km SE of Mina, Nevada",earthquake,,2.2,,,automatic,nn,nn
2020-09-09T03:11:06.500Z,46.3645,-122.428,8.38,0.94,ml,19,85,0.08392,0.42,uw,uw61670532,2020-09-09T16:55:12.900Z,"18 km SSE of Mossyrock, Washington",earthquake,1.42,1.8,0.0191428636820876,4,reviewed,uw,uw
2020-09-09T03:10:27.215Z,38.1465,-117.9007,10.6,0.7,ml,15,90.9,0.025,0.1125,nn,nn00772651,2020-09-09T20:16:07.921Z,"32 km SE of Mina, Nevada",earthquake,,0.8,0.38,6,reviewed,nn,nn
2020-09-09T03:04:38.940Z,34.0593333,-117.3095,12,1.08,ml,31,81,0.0855,0.2,ci,ci38681082,2020-09-09T13:35:36.980Z,"2km SSE of Colton, CA",earthquake,0.29,0.92,0.183,28,reviewed,ci,ci
2020-09-09T03:04:16.280Z,38.1417,-118.053,0.4,1.1,ml,12,157.81,0.031,0.14,nn,nn00772649,2020-09-09T03:12:23.712Z,"28 km S of Mina, Nevada",earthquake,,12.8,,,automatic,nn,nn
2020-09-09T03:02:56.570Z,38.1625,-118.0247,8.2,0.9,ml,10,221.85,0.131,0.12,nn,nn00772648,2020-09-09T03:06:03.052Z,"26 km SSE of Mina, Nevada",earthquake,,8,,,automatic,nn,nn
2020-09-09T02:54:01.550Z,35.9038333,-117.7216667,6.7,0.35,ml,17,60,0.07267,0.11,ci,ci38681074,2020-09-09T18:04:04.057Z,"17km ESE of Little Lake, CA",earthquake,0.17,0.43,0.116,4,reviewed,ci,ci
2020-09-09T02:52:16.120Z,38.1765,-117.8775,3.9,1.4,ml,14,81.49,0.034,0.02,nn,nn00772645,2020-09-09T03:05:04.148Z,"31 km SE of Mina, Nevada",earthquake,,0.3,,,automatic,nn,nn
2020-09-09T02:40:34.338Z,61.0453,-152.4067,106,1.4,ml,,,,0.25,ak,ak020bmgeahw,2020-09-09T15:58:02.418Z,"68 km W of Tyonek, Alaska",earthquake,,0.4,,,reviewed,ak,ak
2020-09-09T02:39:32.260Z,35.9058333,-117.6863333,7.36,0.23,ml,12,75,0.05112,0.05,ci,ci38681058,2020-09-09T23:33:56.852Z,"20km E of Little Lake, CA",earthquake,0.14,0.34,0.099,5,reviewed,ci,ci
2020-09-09T02:37:45.880Z,38.141,-118.034,6.5,1.6,ml,23,62.54,0.065,0.11,nn,nn00772641,2020-09-09T02:53:04.456Z,"28 km SSE of Mina, Nevada",earthquake,,0.9,,,automatic,nn,nn
2020-09-09T02:35:25.090Z,33.5871667,-116.8043333,6.41,0.28,ml,14,71,0.03421,0.13,ci,ci38681050,2020-09-09T02:39:10.580Z,"13km WNW of Anza, CA",earthquake,0.33,0.63,0.104,7,automatic,ci,ci
2020-09-09T02:34:06.586Z,66.0615,-148.5938,0,1.6,ml,,,,0.99,ak,ak020bmgcz07,2020-09-09T02:45:57.013Z,"23 km ENE of Stevens Village, Alaska",earthquake,,0.3,,,automatic,ak,ak
2020-09-09T02:09:49.780Z,44.4701667,-115.2133333,6.88,2.24,ml,9,81,0.392,0.19,mb,mb80462224,2020-09-09T16:14:17.840Z,"35 km NW of Stanley, Idaho",earthquake,0.54,1.56,0.3,11,reviewed,mb,mb
2020-09-09T02:00:25.530Z,38.1432,-118.0417,0.8,1.3,ml,14,187.22,0.03,0.2,nn,nn00772639,2020-09-09T02:21:28.540Z,"California-Nevada border region",earthquake,,8.9,,,automatic,nn,nn
2020-09-09T01:54:21.220Z,39.5255,-110.3456667,1.74,1.66,md,8,134,0.1,0.19,uu,uu60409982,2020-09-09T13:37:11.530Z,"4 km SE of Sunnyside, Utah",earthquake,0.88,31.61,0.194,8,reviewed,uu,uu
2020-09-09T01:53:03.040Z,17.893,-66.9066,9,2.37,md,13,242,0.0866,0.23,pr,pr2020253001,2020-09-09T03:10:49.783Z,"8 km S of Guánica, Puerto Rico",earthquake,0.91,0.78,0.24,6,reviewed,pr,pr
